State,District,Constituency_Num,Constituency_Name,Constituency_Category
Bihar,Paschim Champaran,1,Valmiki Nagar,General
Bihar,Paschim Champaran,2,Ramnagar,SC
Bihar,Paschim Champaran,3,Narkatiaganj,General
Bihar,Paschim Champaran,4,Bagaha,General
Bihar,Paschim Champaran,5,Lauriya,General
Bihar,Paschim Champaran,6,Nautan,General
Bihar,Paschim Champaran,7,Chanpatia,General
Bihar,Paschim Champaran,8,Bettiah,General
Bihar,Paschim Champaran,9,Sikta,General
Bihar,Paschim Champaran,10,Raxaul,General
Bihar,Purvi Champaran,11,Sugauli,General
Bihar,Purvi Champaran,12,Narkatia,General
Bihar,Purvi Champaran,13,Harsidhi,SC
Bihar,Purvi Champaran,14,Govindganj,General
Bihar,Purvi Champaran,15,Kesaria,General
Bihar,Purvi Champaran,16,Kalyanpur,General
Bihar,Purvi Champaran,17,Pipra,General
Bihar,Purvi Champaran,18,Madhuban,General
Bihar,Purvi Champaran,19,Motihari,General
Bihar,Purvi Champaran,20,Chiraia,General
Bihar,Purvi Champaran,21,Dhaka,General
Bihar,Sheohar,22,Sheohar,General
Bihar,Sitamarhi,23,Riga,General
Bihar,Sitamarhi,24,Bathnaha,SC
Bihar,Sitamarhi,25,Parihar,General
Bihar,Sitamarhi,26,Sursand,General
Bihar,Sitamarhi,27,Bajpatti,General
Bihar,Sitamarhi,28,Sitamarhi,General
Bihar,Sitamarhi,29,Runnisaidpur,General
Bihar,Sitamarhi,30,Belsand,General
Bihar,Madhubani,31,Harlakhi,General
Bihar,Madhubani,32,Piprahi,General
Bihar,Madhubani,33,Benipatti,General
Bihar,Madhubani,34,Khajauli,General
Bihar,Madhubani,35,Babubarhi,General
Bihar,Madhubani,36,Madhubani,General
Bihar,Madhubani,37,Rajnagar,SC
Bihar,Madhubani,38,Jhanjharpur,General
Bihar,Madhubani,39,Phulparas,General
Bihar,Madhubani,40,Laukaha,General
Bihar,Supaul,41,Nirmali,General
Bihar,Supaul,42,Pipra,General
Bihar,Supaul,43,Supaul,General
Bihar,Supaul,44,Triveniganj,SC
Bihar,Supaul,45,Chhatapur,General
Bihar,Araria,46,Narpatganj,General
Bihar,Araria,47,Raniganj,SC
Bihar,Araria,48,Forbesganj,General
Bihar,Araria,49,Araria,General
Bihar,Araria,50,Jokihat,General
Bihar,Araria,51,Sikti,General
Bihar,Kishanganj,52,Bahadurganj,General
Bihar,Kishanganj,53,Thakurganj,General
Bihar,Kishanganj,54,Kishanganj,General
Bihar,Kishanganj,55,Kochadhaman,General
Bihar,Purnia,56,Amour,General
Bihar,Purnia,57,Baisi,General
Bihar,Purnia,58,Kasba,General
Bihar,Purnia,59,Banmankhi,SC
Bihar,Purnia,60,Rupauli,General
Bihar,Purnia,61,Dhamdaha,General
Bihar,Purnia,62,Purnia,General
Bihar,Katihar,63,Katihar,General
Bihar,Katihar,64,Kadwa,General
Bihar,Katihar,65,Balrampur,General
Bihar,Katihar,66,Pranpur,General
Bihar,Katihar,67,Manihari,ST
Bihar,Katihar,68,Barari,General
Bihar,Katihar,69,Korha,SC
Bihar,Madhepura,70,Alamnagar,General
Bihar,Madhepura,71,Bihariganj,General
Bihar,Madhepura,72,Singheshwar,SC
Bihar,Madhepura,73,Madhepura,General
Bihar,Saharsa,74,Sonbarsha,SC
Bihar,Saharsa,75,Saharsa,General
Bihar,Saharsa,76,Simri Bakhtiarpur,General
Bihar,Saharsa,77,Mahishi,General
Bihar,Darbhanga,78,Kusheshwar Asthan,SC
Bihar,Darbhanga,79,Gaura Bauram,General
Bihar,Darbhanga,80,Benipur,General
Bihar,Darbhanga,81,Alinagar,General
Bihar,Darbhanga,82,Darbhanga Rural,General
Bihar,Darbhanga,83,Darbhanga,General
Bihar,Darbhanga,84,Hayaghat,General
Bihar,Darbhanga,85,Bahadurpur,General
Bihar,Darbhanga,86,Keoti,General
Bihar,Darbhanga,87,Jale,General
Bihar,Muzaffarpur,88,Gaighat,General
Bihar,Muzaffarpur,89,Aurai,General
Bihar,Muzaffarpur,90,Minapur,General
Bihar,Muzaffarpur,91,Bochaha,SC
Bihar,Muzaffarpur,92,Sakra,SC
Bihar,Muzaffarpur,93,Kurhani,General
Bihar,Muzaffarpur,94,Muzaffarpur,General
Bihar,Muzaffarpur,95,Kanti,General
Bihar,Muzaffarpur,96,Baruraj,General
Bihar,Muzaffarpur,97,Paroo,General
Bihar,Muzaffarpur,98,Sahebganj,General
Bihar,Gopalganj,99,Baikunthpur,General
Bihar,Gopalganj,100,Barauli,General
Bihar,Gopalganj,101,Gopalganj,General
Bihar,Gopalganj,102,Kuchaikote,General
Bihar,Gopalganj,103,Bhorey,SC
Bihar,Gopalganj,104,Hathua,General
Bihar,Siwan,105,Siwan,General
Bihar,Siwan,106,Ziradei,General
Bihar,Siwan,107,Darauli (SC),SC
Bihar,Siwan,108,Raghunathpur,General
Bihar,Siwan,109,Daraundha,General
Bihar,Siwan,110,Barharia,General
Bihar,Siwan,111,Goriakothi,General
Bihar,Siwan,112,Maharajganj,General
Bihar,Saran,113,Ekma,General
Bihar,Saran,114,Manjhi,General
Bihar,Saran,115,Baniapur,General
Bihar,Saran,116,Taraiya,General
Bihar,Saran,117,Marhaura,General
Bihar,Saran,118,Chapra,General
Bihar,Saran,119,Garkha,SC
Bihar,Saran,120,Amnour,General
Bihar,Saran,121,Parsa,General
Bihar,Saran,122,Sonepur,General
Bihar,Vaishali,123,Hajipur,General
Bihar,Vaishali,124,Lalganj,General
Bihar,Vaishali,125,Vaishali,General
Bihar,Vaishali,126,Mahua,General
Bihar,Vaishali,127,Raja Pakar,SC
Bihar,Vaishali,128,Raghopur,General
Bihar,Vaishali,129,Mahnar,General
Bihar,Vaishali,130,Patepur,SC
Bihar,Samastipur,131,Kalyanpur,SC
Bihar,Samastipur,132,Warisnagar,General
Bihar,Samastipur,133,Samastipur,General
Bihar,Samastipur,134,Ujiarpur,General
Bihar,Samastipur,135,Morwa,General
Bihar,Samastipur,136,Sarairanjan,General
Bihar,Samastipur,137,Mohiuddinnagar,General
Bihar,Samastipur,138,Bibhutipur,General
Bihar,Samastipur,139,Rosera,SC
Bihar,Samastipur,140,Hasanpur,General
Bihar,Begusarai,141,Cheria Bariarpur,General
Bihar,Begusarai,142,Bachhwara,General
Bihar,Begusarai,143,Teghra,General
Bihar,Begusarai,144,Matihani,General
Bihar,Begusarai,145,Sahebpur Kamal,General
Bihar,Begusarai,146,Begusarai,General
Bihar,Begusarai,147,Bakhri,SC
Bihar,Begusarai,148,Alauli,SC
Bihar,Khagaria,149,Khagaria,General
Bihar,Khagaria,150,Beldaur,General
Bihar,Khagaria,151,Parbatta,General
Bihar,Bhagalpur,152,Bihpur,General
Bihar,Bhagalpur,153,Gopalpur,General
Bihar,Bhagalpur,154,Pirpainti,SC
Bihar,Bhagalpur,155,Kahalgaon,General
Bihar,Bhagalpur,156,Bhagalpur,General
Bihar,Bhagalpur,157,Sultanganj,General
Bihar,Bhagalpur,158,Nathnagar,General
Bihar,Banka,159,Amarpur,General
Bihar,Banka,160,Dhauraiya,SC
Bihar,Banka,161,Banka,General
Bihar,Banka,162,Katoria,ST
Bihar,Banka,163,Belhar,General
Bihar,Munger,164,Tarapur,General
Bihar,Munger,165,Munger,General
Bihar,Munger,166,Jamalpur,General
Bihar,Lakhisarai,167,Suryagarha,General
Bihar,Lakhisarai,168,Lakhisarai,General
Bihar,Sheikhpura,169,Sheikhpura,General
Bihar,Sheikhpura,170,Barbigha,General
Bihar,Nalanda,171,Asthawan,General
Bihar,Nalanda,172,Biharsharif,General
Bihar,Nalanda,173,Rajgir,SC
Bihar,Nalanda,174,Islampur,General
Bihar,Nalanda,175,Hilsa,General
Bihar,Nalanda,176,Nalanda,General
Bihar,Nalanda,177,Harnaut,General
Bihar,Patna,178,Mokama,General
Bihar,Patna,179,Barh,General
Bihar,Patna,180,Bakhtiarpur,General
Bihar,Patna,181,Digha,General
Bihar,Patna,182,Bankipur,General
Bihar,Patna,183,Kumhrar,General
Bihar,Patna,184,Patna Sahib,General
Bihar,Patna,185,Fatuha,General
Bihar,Patna,186,Danapur,General
Bihar,Patna,187,Maner,General
Bihar,Patna,188,Phulwari,SC
Bihar,Patna,189,Masaurhi,SC
Bihar,Patna,190,Paliganj,General
Bihar,Patna,191,Bikram,General
Bihar,Bhojpur,192,Sandesh,General
Bihar,Bhojpur,193,Barhara,General
Bihar,Bhojpur,194,Arrah,General
Bihar,Bhojpur,195,Agiaon,SC
Bihar,Bhojpur,196,Tarari,General
Bihar,Bhojpur,197,Jagdishpur,General
Bihar,Bhojpur,198,Shahpur,General
Bihar,Buxar,199,Brahampur,General
Bihar,Buxar,200,Buxar,General
Bihar,Buxar,201,Dumraon,General
Bihar,Buxar,202,Rajpur,SC
Bihar,Kaimur (Bhabua),203,Ramgarh,General
Bihar,Kaimur (Bhabua),204,Mohania,SC
Bihar,Kaimur (Bhabua),205,Bhabua,General
Bihar,Kaimur (Bhabua),206,Chainpur,General
Bihar,Rohtas,207,Chenari,SC
Bihar,Rohtas,208,Sasaram,General
Bihar,Rohtas,209,Kargahar,General
Bihar,Rohtas,210,Dinara,General
Bihar,Rohtas,211,Nokha,General
Bihar,Rohtas,212,Dehri,General
Bihar,Rohtas,213,Karakat,General
Bihar,Arwal,214,Arwal,General
Bihar,Arwal,215,Kurtha,General
Bihar,Jehanabad,216,Jehanabad,General
Bihar,Jehanabad,217,Ghosi,General
Bihar,Jehanabad,218,Makhdumpur,SC
Bihar,Aurangabad,219,Goh,General
Bihar,Aurangabad,220,Obra,General
Bihar,Aurangabad,221,Nabinagar,General
Bihar,Aurangabad,222,Kutumba,SC
Bihar,Aurangabad,223,Aurangabad,General
Bihar,Aurangabad,224,Rafiganj,General
Bihar,Gaya,225,Gurua,General
Bihar,Gaya,226,Sherghati,General
Bihar,Gaya,227,Imamganj,SC
Bihar,Gaya,228,Barachatti,SC
Bihar,Gaya,229,Bodh Gaya,SC
Bihar,Gaya,230,Gaya Town,General
Bihar,Gaya,231,Tikari,General
Bihar,Gaya,232,Belaganj,General
Bihar,Gaya,233,Atri,General
Bihar,Gaya,234,Wazirganj,General
Bihar,Nawada,235,Rajauli,SC
Bihar,Nawada,236,Hisua,General
Bihar,Nawada,237,Nawada,General
Bihar,Nawada,238,Gobindpur,General
Bihar,Nawada,239,Warsaliganj,General
Bihar,Jamui,240,Sikandra,SC
Bihar,Jamui,241,Jamui,General
Bihar,Jamui,242,Jhajha,General
Bihar,Jamui,243,Chakai,General
West Bengal,Cooch Behar,1,Mekliganj,SC
West Bengal,Cooch Behar,2,Mathabhanga,SC
West Bengal,Cooch Behar,3,Cooch Behar Uttar,SC
West Bengal,Cooch Behar,4,Cooch Behar Dakshin,General
West Bengal,Cooch Behar,5,Sitalkuchi,SC
West Bengal,Cooch Behar,6,Sitai,SC
West Bengal,Cooch Behar,7,Dinhata,General
West Bengal,Cooch Behar,8,Natabari,General
West Bengal,Cooch Behar,9,Tufanganj,General
West Bengal,Alipurduars,10,Kumargram,ST
West Bengal,Alipurduars,11,Kalchini,ST
West Bengal,Alipurduars,12,Alipurduars,General
West Bengal,Alipurduars,13,Falakata,SC
West Bengal,Alipurduars,14,Madarihat,ST
West Bengal,Jalpaiguri,15,Dhupguri,SC	
West Bengal,Jalpaiguri,16,Maynaguri,SC
West Bengal,Jalpaiguri,17,Jalpaiguri,SC
West Bengal,Jalpaiguri,18,Rajganj,SC
West Bengal,Jalpaiguri,19,Dabgram-Phulbari,General
West Bengal,Jalpaiguri,20,Mal,ST
West Bengal,Jalpaiguri,21,Nagrakata,ST
West Bengal,Kalimpong,22,Kalimpong,General
West Bengal,Darjeeling,23,Darjeeling,General
West Bengal,Darjeeling,24,Kurseong,General
West Bengal,Darjeeling,25,Matigara-Naxalbari,SC
West Bengal,Darjeeling,26,Siliguri,General
West Bengal,Darjeeling,27,Phansidewa,ST
West Bengal,Uttar Dinajpur,28,Chopra,General
West Bengal,Uttar Dinajpur,29,Islampur,General
West Bengal,Uttar Dinajpur,30,Goalpokhar,General
West Bengal,Uttar Dinajpur,31,Chakulia,General
West Bengal,Uttar Dinajpur,32,Karandighi,General
West Bengal,Uttar Dinajpur,33,Hemtabad,SC
West Bengal,Uttar Dinajpur,34,Kaliaganj,SC
West Bengal,Uttar Dinajpur,35,Raiganj,General
West Bengal,Uttar Dinajpur,36,Itahar,General
West Bengal,Dakshin Dinajpur,37,Kushmandi,SC
West Bengal,Dakshin Dinajpur,38,Kumarganj,General
West Bengal,Dakshin Dinajpur,39,Balurghat,General
West Bengal,Dakshin Dinajpur,40,Tapan,ST
West Bengal,Dakshin Dinajpur,41,Gangarampur,SC
West Bengal,Dakshin Dinajpur,42,Harirampur,General
West Bengal,Maldah,43,Habibpur,ST
West Bengal,Maldah,44,Gazole,SC
West Bengal,Maldah,45,Chanchal,General
West Bengal,Maldah,46,Harishchandrapur,General
West Bengal,Maldah,47,Malatipur,General
West Bengal,Maldah,48,Ratua,General
West Bengal,Maldah,49,Manikchak,General
West Bengal,Maldah,50,Maldaha,SC
West Bengal,Maldah,51,English Bazar,General
West Bengal,Maldah,52,Mothabari,General
West Bengal,Maldah,53,Sujapur,General
West Bengal,Maldah,54,Baisnabnagar,General
West Bengal,Murshidabad,55,Farakka,General
West Bengal,Murshidabad,56,Samserganj,General
West Bengal,Murshidabad,57,Suti,General
West Bengal,Murshidabad,58,Jangipur,General
West Bengal,Murshidabad,59,Raghunathganj,General
West Bengal,Murshidabad,60,Sagardighi,General
West Bengal,Murshidabad,61,Lalgola,General
West Bengal,Murshidabad,62,Bhagabangola,General
West Bengal,Murshidabad,63,Raninagar,General
West Bengal,Murshidabad,64,Murshidabad,General
West Bengal,Murshidabad,65,Nabagram,SC
West Bengal,Murshidabad,66,Khargram,SC
West Bengal,Murshidabad,67,Burwan,SC
West Bengal,Murshidabad,68,Kandi,General
West Bengal,Murshidabad,69,Bharatpur,General
West Bengal,Murshidabad,70,Rejinagar,General
West Bengal,Murshidabad,71,Beldanga,General
West Bengal,Murshidabad,72,Baharampur,General
West Bengal,Murshidabad,73,Hariharpara,General
West Bengal,Murshidabad,74,Naoda,General
West Bengal,Murshidabad,75,Domkal,General
West Bengal,Murshidabad,76,	Jalangi,General
West Bengal,Nadia,77,Karimpur,General
West Bengal,Nadia,78,Tehatta,General
West Bengal,Nadia,79,Palashipara,General
West Bengal,Nadia,80,Kaliganj,General
West Bengal,Nadia,81,Nakashipara,General
West Bengal,Nadia,82,Chapra,General
West Bengal,Nadia,83,Krishnanagar Uttar,General
West Bengal,Nadia,84,Nabadwip,General
West Bengal,Nadia,85,Krishnanagar Dakshin,General
West Bengal,Nadia,86,Santipur,General
West Bengal,Nadia,87,Ranaghat Uttar Paschim,General
West Bengal,Nadia,88,Krishnaganj,SC
West Bengal,Nadia,89,Ranaghat Uttar Purba,SC
West Bengal,Nadia,90,Ranaghat Dakshin,SC
West Bengal,Nadia,91,Chakdaha,General
West Bengal,Nadia,92,Kalyani,SC
West Bengal,Nadia,93,Haringhata,SC
West Bengal,North 24 Parganas,94,Bagda,SC
West Bengal,North 24 Parganas,95,Bangaon Uttar,SC
West Bengal,North 24 Parganas,96,Bangaon Dakshin,SC
West Bengal,North 24 Parganas,97,Gaighata,SC
West Bengal,North 24 Parganas,98,Swarupnagar,SC
West Bengal,North 24 Parganas,99,Baduria,General
West Bengal,North 24 Parganas,100,Habra,General
West Bengal,North 24 Parganas,101,Ashoknagar,General
West Bengal,North 24 Parganas,102,Amdanga,General
West Bengal,North 24 Parganas,103,Bijpur,General
West Bengal,North 24 Parganas,104,Naihati,General
West Bengal,North 24 Parganas,105,Bhatpara,General
West Bengal,North 24 Parganas,106,Jagatdal,General
West Bengal,North 24 Parganas,107,Noapara,General
West Bengal,North 24 Parganas,108,Barrackpur,General
West Bengal,North 24 Parganas,109,Khardaha,General
West Bengal,North 24 Parganas,110,Dum Dum Uttar,General
West Bengal,North 24 Parganas,111,Panihati,General		
West Bengal,North 24 Parganas,112,Kamarhati,General		
West Bengal,North 24 Parganas,113,Baranagar,General
West Bengal,North 24 Parganas,114,Dum Dum,General		
West Bengal,North 24 Parganas,115,Rajarhat New Town,General
West Bengal,North 24 Parganas,116,Bidhannagar,General
West Bengal,North 24 Parganas,117,Rajarhat Gopalpur,General
West Bengal,North 24 Parganas,118,Madhyamgram,General
West Bengal,North 24 Parganas,119,Barasat,General
West Bengal,North 24 Parganas,120,Deganga,General
West Bengal,North 24 Parganas,121,Haroa,General
West Bengal,North 24 Parganas,122,Minakhan,	SC
West Bengal,North 24 Parganas,123,Sandeshkhali,ST
West Bengal,North 24 Parganas,124,Basirhat Dakshin,General
West Bengal,North 24 Parganas,125,Basirhat Uttar,General
West Bengal,North 24 Parganas,126,Hingalganj,SC
West Bengal,South 24 Parganas,127,Gosaba,SC
West Bengal,South 24 Parganas,128,Basanti,SC
West Bengal,South 24 Parganas,129,Kultali,SC
West Bengal,South 24 Parganas,130,Patharpratima,General
West Bengal,South 24 Parganas,131,Kakdwip,General
West Bengal,South 24 Parganas,132,Sagar,General
West Bengal,South 24 Parganas,133,Kulpi,General
West Bengal,South 24 Parganas,134,Raidighi,General
West Bengal,South 24 Parganas,135,Mandirbazar,SC
West Bengal,South 24 Parganas,136,Jaynagar,SC
West Bengal,South 24 Parganas,137,Baruipur Purba,SC
West Bengal,South 24 Parganas,138,Canning Paschim,SC
West Bengal,South 24 Parganas,139,Canning Purba,General
West Bengal,South 24 Parganas,140,Baruipur Paschim,General
West Bengal,South 24 Parganas,141,Magrahat Purba,SC
West Bengal,South 24 Parganas,142,Magrahat Paschim,SC
West Bengal,South 24 Parganas,143,Diamond Harbour,General
West Bengal,South 24 Parganas,144,Falta,General
West Bengal,South 24 Parganas,145,Satgachhia,General
West Bengal,South 24 Parganas,146,"Bishnupur, South 24 Parganas",SC
West Bengal,South 24 Parganas,147,Sonarpur Dakshin,General
West Bengal,South 24 Parganas,148,Bhangar,General
West Bengal,South 24 Parganas,149,Kasba,General
West Bengal,South 24 Parganas,150,Jadavpur,General
West Bengal,South 24 Parganas,151,Sonarpur Uttar,General
West Bengal,South 24 Parganas,152,Tollyganj,General
West Bengal,South 24 Parganas,153,Behala Purba,General
West Bengal,South 24 Parganas,154,Behala Paschim,General
West Bengal,South 24 Parganas,155,Maheshtala,General
West Bengal,South 24 Parganas,156,Budge Budge,General
West Bengal,South 24 Parganas,157,Metiaburuz,General
West Bengal,Kolkata,158,Kolkata Port,General
West Bengal,Kolkata,159,Bhabanipur,General
West Bengal,Kolkata,160,Rashbehari,General
West Bengal,Kolkata,161,Ballygunge,General
West Bengal,Kolkata,162,Chowranghee,General
West Bengal,Kolkata,163,Entally,General
West Bengal,Kolkata,164,Beleghata,General
West Bengal,Kolkata,165,Jorasanko,General
West Bengal,Kolkata,166,Shyampukur,General
West Bengal,Kolkata,167,Maniktola,General
West Bengal,Kolkata,168,Kashipur Belgachhia,General
West Bengal,Howrah,169,Bally,General
West Bengal,Howrah,170,Howrah Uttar,General
West Bengal,Howrah,171,Howrah Madhya,General
West Bengal,Howrah,172,Shibpur,General
West Bengal,Howrah,173,Howrah Dakshin,General
West Bengal,Howrah,174,Sankrail,SC
West Bengal,Howrah,175,Panchla,General
West Bengal,Howrah,176,Uluberia Purba,Uluberia
West Bengal,Howrah,177,Uluberia Uttar,SC
West Bengal,Howrah,178,Uluberia Dakshin,General
West Bengal,Howrah,179,Shyampur,General
West Bengal,Howrah,180,Bagnan,General
West Bengal,Howrah,181,Amta,General
West Bengal,Howrah,182,Udaynarayanpur,General
West Bengal,Howrah,183,Jagatballavpur,General
West Bengal,Howrah,184,Domjur,General
West Bengal,Hooghly,185,Uttarpara,General
West Bengal,Hooghly,186,Sreerampur,General
West Bengal,Hooghly,187,Champdani,General
West Bengal,Hooghly,188,Singur,General
West Bengal,Hooghly,189,Chandannagar,General
West Bengal,Hooghly,190,Chunchura,General
West Bengal,Hooghly,191,Balagarh,SC
West Bengal,Hooghly,192,Pandua,General
West Bengal,Hooghly,193,Saptagram,General
West Bengal,Hooghly,194,Chanditala,General
West Bengal,Hooghly,195,Jangipara,General
West Bengal,Hooghly,196,Haripal,General
West Bengal,Hooghly,197,Dhanekhali,SC
West Bengal,Hooghly,198,Tarakeswar,General
West Bengal,Hooghly,199,Pursurah,General
West Bengal,Hooghly,200,Arambag,SC
West Bengal,Hooghly,201,Goghat,SC
West Bengal,Hooghly,202,Khanakul,General
West Bengal,Purba Medinipur,203,Tamluk,General
West Bengal,Purba Medinipur,204,Panskura Purba,General
West Bengal,Purba Medinipur,205,Panskura Paschim,General
West Bengal,Purba Medinipur,206,Moyna,General
West Bengal,Purba Medinipur,207,Nandakumar,General
West Bengal,Purba Medinipur,208,Mahisadal,General
West Bengal,Purba Medinipur,209,Haldia,SC
West Bengal,Purba Medinipur,210,Nandigram,General
West Bengal,Purba Medinipur,211,Chandipur,General
West Bengal,Purba Medinipur,212,Patashpur,General
West Bengal,Purba Medinipur,213,Kanthi Uttar,General
West Bengal,Purba Medinipur,214,Bhagabanpur,General
West Bengal,Purba Medinipur,215,Khejuri,SC
West Bengal,Purba Medinipur,216,Kanthi Dakshin,General
West Bengal,Purba Medinipur,217,"Ramnagar, Purba Medinipur",General
West Bengal,Purba Medinipur,218,Egra,General
West Bengal,Paschim Medinipur,219,Dantan,General
West Bengal,Jhargram,220,Nayagram,ST
West Bengal,Jhargram,221,Gopiballavpur,General
West Bengal,Jhargram,222,Jhargram,General
West Bengal,Paschim Medinipur,223,Keshiary,ST
West Bengal,Paschim Medinipur,224,Kharagpur Sadar,General
West Bengal,Paschim Medinipur,225,Narayangarh,General
West Bengal,Paschim Medinipur,226,Sabang,General
West Bengal,Paschim Medinipur,227,Pingla,General
West Bengal,Paschim Medinipur,228,Kharagpur,General
West Bengal,Paschim Medinipur,229,Debra,General
West Bengal,Paschim Medinipur,230,Daspur,General
West Bengal,Paschim Medinipur,231,Ghatal,SC
West Bengal,Paschim Medinipur,232,Chandrakona,SC
West Bengal,Paschim Medinipur,233,Garbeta,General
West Bengal,Paschim Medinipur,234,Salboni,General
West Bengal,Paschim Medinipur,235,Keshpur,SC
West Bengal,Paschim Medinipur,236,Medinipur,General
West Bengal,Jhargram,237,Binpur,ST
West Bengal,Purulia,238,Bandwan,ST
West Bengal,Purulia,239,Balarampur,General
West Bengal,Purulia,240,Baghmundi,General
West Bengal,Purulia,241,Joypur,General
West Bengal,Purulia,242,Purulia,General
West Bengal,Purulia,243,Manbazar,ST
West Bengal,Purulia,244,Kashipur,General
West Bengal,Purulia,245,Para,SC
West Bengal,Purulia,246,Raghunathpur,General
West Bengal,Bankura,247,Saltora,SC
West Bengal,Bankura,248,Chhatna,General
West Bengal,Bankura,249,Ranibandh,ST
West Bengal,Bankura,250,Raipur,ST
West Bengal,Bankura,251,Taldangra,General
West Bengal,Bankura,252,Bankura,General
West Bengal,Bankura,253,Barjora,General
West Bengal,Bankura,254,Onda,General
West Bengal,Bankura,255,"Bishnupur, Bankura",General
West Bengal,Bankura,256,Katulpur,SC
West Bengal,Bankura,257,Indas,SC
West Bengal,Bankura,258,Sonamukhi,SC
West Bengal,Purba Bardhaman,259,Khandaghosh,SC
West Bengal,Purba Bardhaman,260,Burdwan Dakshin,General
West Bengal,Purba Bardhaman,261,Raina,SC
West Bengal,Purba Bardhaman,262,Jamalpur,SC
West Bengal,Purba Bardhaman,263,Manteswar,General
West Bengal,Purba Bardhaman,264,Kalna,SC
West Bengal,Purba Bardhaman,265,Memari,General
West Bengal,Purba Bardhaman,266,Burdwan Uttar,SC
West Bengal,Purba Bardhaman,267,Bhatar,General
West Bengal,Purba Bardhaman,268,Purbasthali Dakshin,General
West Bengal,Purba Bardhaman,269,Purbasthali Uttar,General
West Bengal,Purba Bardhaman,270,Katwa,General
West Bengal,Purba Bardhaman,271,Ketugram,General
West Bengal,Purba Bardhaman,272,Mangalkot,General
West Bengal,Purba Bardhaman,273,Ausgram,SC 
West Bengal,Purba Bardhaman,274,Galsi,SC
West Bengal,Paschim Bardhaman,275,Pandaveswar,General
West Bengal,Paschim Bardhaman,276,Durgapur Purba,General
West Bengal,Paschim Bardhaman,277,Durgapur Paschim,General
West Bengal,Paschim Bardhaman,278,Raniganj,General
West Bengal,Paschim Bardhaman,279,Jamuria,General
West Bengal,Paschim Bardhaman,280,Asansol Dakshin,General
West Bengal,Paschim Bardhaman,281,Asansol Uttar,General
West Bengal,Paschim Bardhaman,282,Kulti,General
West Bengal,Paschim Bardhaman,283,Barabani,General
West Bengal,Birbhum,284,Dubrajpur,SC
West Bengal,Birbhum,285,Suri,General
West Bengal,Birbhum,286,Bolpur,General
West Bengal,Birbhum,287,Nanoor,SC
West Bengal,Birbhum,288,Labhpur,General
West Bengal,Birbhum,289,Sainthia,SC
West Bengal,Birbhum,290,Mayureswar,General
West Bengal,Birbhum,291,Rampurhat,General
West Bengal,Birbhum,292,Hansan,General
West Bengal,Birbhum,293,Nalhati,General
West Bengal,Birbhum,294,Murarai,General
Tamil Nadu,Tiruvallur,1,Gummidipoondi,General
Tamil Nadu,Tiruvallur,2,Ponneri,General
Tamil Nadu,Tiruvallur,3,Tiruttani,General
Tamil Nadu,Tiruvallur,4,Thiruvallur,General
Tamil Nadu,Tiruvallur,5,Poonamallee,SC
Tamil Nadu,Tiruvallur,6,Avadi,General
Tamil Nadu,Chennai,7,Maduravoyal,General
Tamil Nadu,Chennai,8,Ambattur,General
Tamil Nadu,Chennai,9,Madavaram,General
Tamil Nadu,Chennai,10,Thiruvottiyur,General
Tamil Nadu,Chennai,11,Dr. Radhakrishnan Nagar,General
Tamil Nadu,Chennai,12,Perambur,General
Tamil Nadu,Chennai,13,Kolathur,General
Tamil Nadu,Chennai,14,Villivakkam,General
Tamil Nadu,Chennai,15,Thiru-Vi-Ka-Nagar,SC
Tamil Nadu,Chennai,16,Egmore,SC
Tamil Nadu,Chennai,17,Royapuram,General
Tamil Nadu,Chennai,18,Harbour,General
Tamil Nadu,Chennai,19,Chepauk-Thiruvallikeni,General
Tamil Nadu,Chennai,20,Thousand Lights,General
Tamil Nadu,Chennai,21,Anna Nagar,General
Tamil Nadu,Chennai,22,Virugampakkam,General
Tamil Nadu,Chennai,23,Saidapet,General
Tamil Nadu,Chennai,24,Thiyagarayanagar,General
Tamil Nadu,Chennai,25,Mylapore,General
Tamil Nadu,Chennai,26,Velachery,General
Tamil Nadu,Chennai,27,Sholinganallur,General
Tamil Nadu,Chennai,28,Alandur,General
Tamil Nadu,Kanchipuram,29,Sriperumbudur,SC
Tamil Nadu,Chengalpattu,30,Pallavaram,General
Tamil Nadu,Chengalpattu,31,Tambaram,General
Tamil Nadu,Chengalpattu,32,Chengalpattu,General
Tamil Nadu,Chengalpattu,33,Thiruporur,General
Tamil Nadu,Chengalpattu,34,Cheyyur,SC
Tamil Nadu,Chengalpattu,35,Madurantakam,SC
Tamil Nadu,Kanchipuram,36,Uthiramerur,General
Tamil Nadu,Kanchipuram,37,Kancheepuram,General
Tamil Nadu,Ranipet,38,Arakkonam,SC
Tamil Nadu,Ranipet,39,Sholingur,General
Tamil Nadu,Vellore,40,Katpadi,General
Tamil Nadu,Ranipet,41,Ranipet,General
Tamil Nadu,Ranipet,42,Arcot,General
Tamil Nadu,Vellore,43,Vellore,General
Tamil Nadu,Vellore,44,Anaikattu,General
Tamil Nadu,Vellore,45,Kilvaithinankuppam,SC
Tamil Nadu,Vellore,46,Gudiyatham,SC
Tamil Nadu,Tirupathur,47,Vaniyambadi,General
Tamil Nadu,Tirupathur,48,Ambur,General
Tamil Nadu,Tirupathur,49,Jolarpet,General
Tamil Nadu,Tirupathur,50,Tiruppattur,General
Tamil Nadu,Krishnagiri,51,Uthangarai,SC
Tamil Nadu,Krishnagiri,52,Bargur,General
Tamil Nadu,Krishnagiri,53,Krishnagiri,General
Tamil Nadu,Krishnagiri,54,Veppanahalli,General
Tamil Nadu,Krishnagiri,55,Hosur,General
Tamil Nadu,Krishnagiri,56,Thalli,General
Tamil Nadu,Dharmapuri,57,Palacode,General
Tamil Nadu,Dharmapuri,58,Pennagaram,General
Tamil Nadu,Dharmapuri,59,Dharmapuri,General
Tamil Nadu,Dharmapuri,60,Pappireddippatti,General
Tamil Nadu,Dharmapuri,61,Harur,SC
Tamil Nadu,Tiruvannamalai,62,Chengam,SC
Tamil Nadu,Tiruvannamalai,63,Tiruvannamalai,General
Tamil Nadu,Tiruvannamalai,64,Kilpennathur,General
Tamil Nadu,Tiruvannamalai,65,Kalasapakkam,General
Tamil Nadu,Tiruvannamalai,66,Polur,General
Tamil Nadu,Tiruvannamalai,67,Arani,General
Tamil Nadu,Tiruvannamalai,68,Cheyyar,General
Tamil Nadu,Tiruvannamalai,69,Vandavasi,SC
Tamil Nadu,Viluppuram,70,Gingee,General
Tamil Nadu,Viluppuram,71,Mailam,General
Tamil Nadu,Viluppuram,72,Tindivanam,SC
Tamil Nadu,Viluppuram,73,Vanur,SC
Tamil Nadu,Viluppuram,74,Villupuram,General
Tamil Nadu,Viluppuram,75,Vikravandi,General
Tamil Nadu,Viluppuram,76,Tirukkoyilur,General
Tamil Nadu,Kallakurichi,77,Ulundurpettai,General
Tamil Nadu,Kallakurichi,78,Rishivandiyam,General
Tamil Nadu,Kallakurichi,79,Sankarapuram,General
Tamil Nadu,Kallakurichi,80,Kallakurichi,SC
Tamil Nadu,Salem,81,Gangavalli,SC
Tamil Nadu,Salem,82,Attur,SC
Tamil Nadu,Salem,83,Yercaud,ST
Tamil Nadu,Salem,84,Omalur,General
Tamil Nadu,Salem,85,Mettur,General
Tamil Nadu,Salem,86,Edappadi,General
Tamil Nadu,Salem,87,Sankari,General
Tamil Nadu,Salem,88,Salem (West),General
Tamil Nadu,Salem,89,Salem (North),General
Tamil Nadu,Salem,90,Salem (South),General
Tamil Nadu,Salem,91,Veerapandi,General
Tamil Nadu,Namakkal,92,Rasipuram,SC
Tamil Nadu,Namakkal,93,Senthamangalam,ST
Tamil Nadu,Namakkal,94,Namakkal,General
Tamil Nadu,Namakkal,95,Paramathi Velur,General
Tamil Nadu,Namakkal,96,Tiruchengodu,General
Tamil Nadu,Namakkal,97,Kumarapalayam,General
Tamil Nadu,Erode,98,Erode (East),General
Tamil Nadu,Erode,99,Erode (West),General
Tamil Nadu,Erode,100,Modakkurichi,General
Tamil Nadu,Tiruppur,101,Dharapuram,SC
Tamil Nadu,Tiruppur,102,Kangayam,General
Tamil Nadu,Erode,103,Perundurai,General
Tamil Nadu,Erode,104,Bhavani,General
Tamil Nadu,Erode,105,Anthiyur,General
Tamil Nadu,Erode,106,Gobichettipalayam,General
Tamil Nadu,Erode,107,Bhavanisagar,SC
Tamil Nadu,Nilgiris,108,Udhagamandalam,General
Tamil Nadu,Nilgiris,109,Gudalur,SC
Tamil Nadu,Nilgiris,110,Coonoor,General
Tamil Nadu,Coimbatore,111,Mettupalayam,General
Tamil Nadu,Tiruppur,112,Avanashi,SC
Tamil Nadu,Tiruppur,113,Tiruppur (North),General
Tamil Nadu,Tiruppur,114,Tiruppur (South),General
Tamil Nadu,Tiruppur,115,Palladam,General
Tamil Nadu,Coimbatore,116,Sulur,General
Tamil Nadu,Coimbatore,117,Kavundampalayam,General
Tamil Nadu,Coimbatore,118,Coimbatore (North),General
Tamil Nadu,Coimbatore,119,Thondamuthur,General
Tamil Nadu,Coimbatore,120,Coimbatore (South),General
Tamil Nadu,Coimbatore,121,Singanallur,General
Tamil Nadu,Coimbatore,122,Kinathukadavu,General
Tamil Nadu,Coimbatore,123,Pollachi,General
Tamil Nadu,Coimbatore,124,Valparai,SC
Tamil Nadu,Tiruppur,125,Udumalaipettai,General
Tamil Nadu,Tiruppur,126,Madathukulam,General
Tamil Nadu,Dindigul,127,Palani,General
Tamil Nadu,Dindigul,128,Oddanchatram,General
Tamil Nadu,Dindigul,129,Athoor,General
Tamil Nadu,Dindigul,130,Nilakottai,SC
Tamil Nadu,Dindigul,131,Natham,General
Tamil Nadu,Dindigul,132,Dindigul,General
Tamil Nadu,Dindigul,133,Vedasandur,General
Tamil Nadu,Karur,134,Aravakurichi,General
Tamil Nadu,Karur,135,Karur,General
Tamil Nadu,Karur,136,Krishnarayapuram,SC
Tamil Nadu,Karur,137,Kulithalai,General
Tamil Nadu,Tiruchirappalli,138,Manapaarai,General
Tamil Nadu,Tiruchirappalli,139,Srirangam,General
Tamil Nadu,Tiruchirappalli,140,Tiruchirappalli (West),General
Tamil Nadu,Tiruchirappalli,141,Tiruchirappalli (East),General
Tamil Nadu,Tiruchirappalli,142,Thiruverumbur,General
Tamil Nadu,Tiruchirappalli,143,Lalgudi,General
Tamil Nadu,Tiruchirappalli,144,Manachanallur,General
Tamil Nadu,Tiruchirappalli,145,Musiri,General
Tamil Nadu,Tiruchirappalli,146,Thuraiyur,SC
Tamil Nadu,Perambalur,147,Perambalur,SC
Tamil Nadu,Perambalur,148,Kunnam,General
Tamil Nadu,Ariyalur,149,Ariyalur,General
Tamil Nadu,Ariyalur,150,Jayankondam,General
Tamil Nadu,Cuddalore,151,Tittakudi,SC
Tamil Nadu,Cuddalore,152,Virudhachalam,General
Tamil Nadu,Cuddalore,153,Neyveli,General
Tamil Nadu,Cuddalore,154,Panruti,General
Tamil Nadu,Cuddalore,155,Cuddalore,General
Tamil Nadu,Cuddalore,156,Kurinjipadi,General
Tamil Nadu,Cuddalore,157,Bhuvanagiri,General
Tamil Nadu,Cuddalore,158,Chidambaram,General
Tamil Nadu,Cuddalore,159,Kattumannarkoil,SC
Tamil Nadu,Mayiladuthurai,160,Sirkazhi,SC
Tamil Nadu,Mayiladuthurai,161,Mayiladuthurai,General
Tamil Nadu,Mayiladuthurai,162,Poompuhar,General
Tamil Nadu,Nagapattinam,163,Nagapattinam,General
Tamil Nadu,Nagapattinam,164,Kilvelur,SC
Tamil Nadu,Nagapattinam,165,Vedaranyam,General
Tamil Nadu,Tiruvarur,166,Thiruthuraipoondi,SC
Tamil Nadu,Tiruvarur,167,Mannargudi,General
Tamil Nadu,Tiruvarur,168,Thiruvarur,General
Tamil Nadu,Tiruvarur,169,Nannilam,General
Tamil Nadu,Thanjavur,170,Thiruvidaimarudur,General
Tamil Nadu,Thanjavur,171,Kumbakonam,General
Tamil Nadu,Thanjavur,172,Papanasam,General
Tamil Nadu,Thanjavur,173,Thiruvaiyaru,General
Tamil Nadu,Thanjavur,174,Thanjavur,General
Tamil Nadu,Thanjavur,175,Orathanadu,General
Tamil Nadu,Thanjavur,176,Pattukkottai,General
Tamil Nadu,Thanjavur,177,Peravurani,General
Tamil Nadu,Pudukkottai,178,Gandarvakottai,SC
Tamil Nadu,Pudukkottai,179,Viralimalai,General
Tamil Nadu,Pudukkottai,180,Pudukkottai,General
Tamil Nadu,Pudukkottai,181,Thirumayam,General
Tamil Nadu,Pudukkottai,182,Alangudi,General
Tamil Nadu,Pudukkottai,183,Aranthangi,General
Tamil Nadu,Sivaganga,184,Karaikudi,General
Tamil Nadu,Sivaganga,185,Tiruppattur,General
Tamil Nadu,Sivaganga,186,Sivaganga,General
Tamil Nadu,Sivaganga,187,Manamadurai,SC
Tamil Nadu,Madurai,188,Melur,General
Tamil Nadu,Madurai,189,Madurai East,General
Tamil Nadu,Madurai,190,Sholavandan,SC
Tamil Nadu,Madurai,191,Madurai North,General
Tamil Nadu,Madurai,192,Madurai South,General
Tamil Nadu,Madurai,193,Madurai Central,General
Tamil Nadu,Madurai,194,Madurai West,General
Tamil Nadu,Madurai,195,Thiruparankundram,General
Tamil Nadu,Madurai,196,Thirumangalam,General
Tamil Nadu,Madurai,197,Usilampatti,General
Tamil Nadu,Theni,198,Andipatti,General
Tamil Nadu,Theni,199,Periyakulam,SC
Tamil Nadu,Theni,200,Bodinayakanur,General
Tamil Nadu,Theni,201,Cumbum,General
Tamil Nadu,Virudhunagar,202,Rajapalayam,General
Tamil Nadu,Virudhunagar,203,Srivilliputhur,SC
Tamil Nadu,Virudhunagar,204,Sattur,General
Tamil Nadu,Virudhunagar,205,Sivakasi,General
Tamil Nadu,Virudhunagar,206,Virudhunagar,General
Tamil Nadu,Virudhunagar,207,Aruppukkottai,General
Tamil Nadu,Virudhunagar,208,Tiruchuli,General
Tamil Nadu,Ramanathapuram,209,Paramakudi,SC
Tamil Nadu,Ramanathapuram,210,Tiruvadanai,General
Tamil Nadu,Ramanathapuram,211,Ramanathapuram,General
Tamil Nadu,Ramanathapuram,212,Mudhukulathur,General
Tamil Nadu,Thoothukkudi,213,Vilathikulam,General
Tamil Nadu,Thoothukkudi,214,Thoothukkudi,General
Tamil Nadu,Thoothukkudi,215,Tiruchendur,General
Tamil Nadu,Thoothukkudi,216,Srivaikuntam,General
Tamil Nadu,Thoothukkudi,217,Ottapidaram,SC
Tamil Nadu,Thoothukkudi,218,Kovilpatti,General
Tamil Nadu,Tenkasi,219,Sankarankovil,SC
Tamil Nadu,Tenkasi,220,Vasudevanallur,SC
Tamil Nadu,Tenkasi,221,Kadayanallur,General
Tamil Nadu,Tenkasi,222,Tenkasi,General
Tamil Nadu,Tenkasi,223,Alangulam,General
Tamil Nadu,Tirunelveli,224,Tirunelveli,General
Tamil Nadu,Tirunelveli,225,Ambasamudram,General
Tamil Nadu,Tirunelveli,226,Palayamkottai,General
Tamil Nadu,Tirunelveli,227,Nanguneri,General
Tamil Nadu,Tirunelveli,228,Radhapuram,General
Tamil Nadu,Kanniyakumari,229,Kanniyakumari,General
Tamil Nadu,Kanniyakumari,230,Nagercoil,General
Tamil Nadu,Kanniyakumari,231,Colachal,General
Tamil Nadu,Kanniyakumari,232,Padmanabhapuram,General
Tamil Nadu,Kanniyakumari,233,Vilavancode,General
Tamil Nadu,Kanniyakumari,234,Killiyoor,General
Assam,Kokrajhar,1,Gossaigaon,General
Assam,Kokrajhar,2,Dotma,ST
Assam,Kokrajhar,3,Kokrajhar,ST
Assam,Kokrajhar,4,Baokhungri,General
Assam,Kokrajhar,5,Parbatjhora,General
Assam,Dhubri,6,Golakganj,General
Assam,Dhubri,7,Gauripur,General
Assam,Dhubri,8,Dhubri,General
Assam,Dhubri,9,Birsing Jarua,General
Assam,Dhubri,10,Bilasipara,General
Assam,South Salmara-Mankachar,11,Mankachar,General
Assam,Goalpara,12,Jaleshwar,General
Assam,Goalpara,13,Goalpara West,ST
Assam,Goalpara,14,Goalpara East,General
Assam,Goalpara,15,Dudhnai,ST
Assam,Bongaigaon,16,Abhayapuri,General
Assam,Bongaigaon,17,Srijangram,General
Assam,Bongaigaon,18,Bongaigaon,General
Assam,Chirang,19,Sidli–Chirang,ST
Assam,Chirang,20,Bijni,General
Assam,Bajali,21,Bhowanipur–Sorbhog,General
Assam,Barpeta,22,Mandia,General
Assam,Barpeta,23,Chenga,General
Assam,Barpeta,24,Barpeta,SC
Assam,Barpeta,25,Pakabetbari,General
Assam,Bajali,26,Bajali,General
Assam,Kamrup,27,Chamaria,General
Assam,Kamrup,28,Boko–Chaygaon,ST
Assam,Kamrup,29,Palasbari,General
Assam,Kamrup,30,Hajo–Sualkuchi,SC
Assam,Kamrup,31,Rangiya,General
Assam,Kamrup,32,Kamalpur,General
Assam,Kamrup Metropolitan,33,Dispur,General
Assam,Kamrup Metropolitan,34,Dimoria,SC
Assam,Kamrup Metropolitan,35,New Guwahati,General
Assam,Kamrup Metropolitan,36,Guwahati Central,General
Assam,Kamrup Metropolitan,37,Jalukbari,General
Assam,Nalbari,38,Barkhetri,General
Assam,Nalbari,39,Nalbari,General
Assam,Nalbari,40,Tihu,General
Assam,Baksa,41,Manas,General
Assam,Baksa,42,Baksa,ST
Assam,Tamulpur,43,Tamulpur,ST
Assam,Tamulpur,44,Goreshwar,General
Assam,Udalguri,45,Bhergaon,General
Assam,Udalguri,46,Udalguri,ST
Assam,Udalguri,47,Majbat,General
Assam,Udalguri,48,Tangla,General
Assam,Darrang,49,Sipajhar,General
Assam,Darrang,50,Mangaldai,General
Assam,Darrang,51,Dalgaon,General
Assam,Morigaon,52,Jagiroad,SC
Assam,Morigaon,53,Laharighat,General
Assam,Morigaon,54,Morigaon,General
Assam,Nagaon,55,Dhing,General
Assam,Nagaon,56,Rupohihat,General
Assam,Nagaon,57,Kaliabor,General
Assam,Nagaon,58,Samaguri,General
Assam,Nagaon,59,Barhampur,General
Assam,Nagaon,60,Nagaon–Batadraba,General
Assam,Nagaon,61,Raha,SC
Assam,Hojai,62,Binnakandi,General
Assam,Hojai,63,Hojai,General
Assam,Hojai,64,Lumding,General
Assam,Sonitpur,65,Dhekiajuli,General
Assam,Sonitpur,66,Barchalla,General
Assam,Sonitpur,67,Tezpur,General
Assam,Sonitpur,68,Rangapara,General
Assam,Sonitpur,69,Nadaur,General
Assam,Biswanath,70,Biswanath,General
Assam,Biswanath,71,Behali,SC
Assam,Biswanath,72,Gohpur,General
Assam,Lakhimpur,73,Bihpuria,General
Assam,Lakhimpur,74,Rongonadi,General
Assam,Lakhimpur,75,Naoboicha,SC
Assam,Lakhimpur,76,Lakhimpur,General
Assam,Lakhimpur,77,Dhakuakhana,ST
Assam,Dhemaji,78,Dhemaji,ST
Assam,Dhemaji,79,Sissiborgaon,General
Assam,Dhemaji,80,Jonai,ST
Assam,Tinsukia,81,Sadiya,General
Assam,Tinsukia,82,Doom Dooma,General
Assam,Tinsukia,83,Margherita,General
Assam,Tinsukia,84,Digboi,General
Assam,Tinsukia,85,Makum,General
Assam,Tinsukia,86,Tinsukia,General
Assam,Dibrugarh,87,Chabua–Lahowal,General
Assam,Dibrugarh,88,Dibrugarh,General
Assam,Dibrugarh,89,Khowang,General
Assam,Dibrugarh,90,Duliajan,General
Assam,Dibrugarh,91,Tingkhong,General
Assam,Dibrugarh,92,Naharkatia,General
Assam,Charaideo,93,Sonari,General
Assam,Charaideo,94,Mahmora,General
Assam,Sibsagar,95,Demow,General
Assam,Sibsagar,96,Sibsagar,General
Assam,Sibsagar,97,Nazira,General
Assam,Majuli,98,Majuli,ST
Assam,Jorhat,99,Teok,General
Assam,Jorhat,100,Jorhat,General
Assam,Jorhat,101,Mariani,General
Assam,Jorhat,102,Titabor,General
Assam,Golaghat,103,Golaghat,General
Assam,Golaghat,104,Dergaon,General
Assam,Golaghat,105,Bokakhat,General
Assam,Golaghat,106,Khumtai,General
Assam,Golaghat,107,Sarupathar,General
Assam,Karbi Anglong,108,Bokajan,ST
Assam,Karbi Anglong,109,Howraghat,ST
Assam,Karbi Anglong,110,Diphu,ST
Assam,West Karbi Anglong,111,Rongkhang,ST
Assam,West Karbi Anglong,112,Amri,ST
Assam,Dima Hasao,113,Haflong,ST
Assam,Cachar,114,Lakhipur,General
Assam,Cachar,115,Udharbond,General
Assam,Cachar,116,Katigorah,General
Assam,Cachar,117,Borkhola,General
Assam,Cachar,118,Silchar,General
Assam,Cachar,119,Sonai,General
Assam,Cachar,120,Dholai,SC
Assam,Hailakandi,121,Hailakandi,General
Assam,Hailakandi,122,Algapur–Katlicherra,General
Assam,Sribhumi,123,Karimganj North,General
Assam,Sribhumi,124,Karimganj South,General
Assam,Sribhumi,125,Patharkandi,General
Assam,Sribhumi,126,Ram Krishna Nagar,SC